gender,name.title,name.first,name.last,location.street.number,location.street.name,location.city,location.state,location.country,location.postcode,location.coordinates.latitude,location.coordinates.longitude,location.timezone.offset,location.timezone.description,email,login.uuid,login.username,login.password,login.salt,login.md5,login.sha1,login.sha256,dob.date,dob.age,registered.date,registered.age,phone,cell,id.name,id.value,picture.large,picture.medium,picture.thumbnail,nat
male,Mr,Peter,Meyer,9011,Spring St,San Diego,Oklahoma,United States,87910,-67.8229,-45.7745,-10:00,Hawaii,peter.meyer@example.com,c91eccbd-4ae1-4a0b-9415-46b8cc903718,bigfrog325,cumm,pN3eNaTf,e3a841770ac10da96cad93dec53f6b86,b20727791d9fa1da4057a5795420dea1e8123345,ec12a356c8bdea96584b59af67d8d11c7b449be3603534bb7745b51acba5475d,1966-01-28T14:27:57.956Z,54,2014-05-08T20:24:10.873Z,6,(776)-024-1597,(692)-563-8692,SSN,502-13-2163,https://randomuser.me/api/portraits/men/55.jpg,https://randomuser.me/api/portraits/med/men/55.jpg,https://randomuser.me/api/portraits/thumb/men/55.jpg,US
female,Ms,Diane,Wagner,9268,First Street,Coral Springs,Louisiana,United States,36303,76.6049,86.6168,+11:00,"Magadan, Solomon Islands, New Caledonia",diane.wagner@example.com,ae38b6ea-e481-4326-b295-294ebfe43545,organickoala125,thrasher,u6u8QVZW,3a1e17f36482751c65e47a0142e1fdc5,c85955e0079563c6e621333ed3d3a50c876ed229,695f25a7f3403f427e0c66f52399251118eb1bda7ecebd5682f06236aaf07ef5,1997-10-01T19:55:44.115Z,23,2004-11-03T18:07:17.682Z,16,(177)-997-8576,(945)-169-6966,SSN,664-04-6250,https://randomuser.me/api/portraits/women/85.jpg,https://randomuser.me/api/portraits/med/women/85.jpg,https://randomuser.me/api/portraits/thumb/women/85.jpg,US
female,Ms,Vickie,Bowman,6918,Homestead Rd,Vancouver,Kentucky,United States,41961,77.4442,-58.1715,+9:00,"Tokyo, Seoul, Osaka, Sapporo, Yakutsk",vickie.bowman@example.com,fbcdce96-0f2e-41cc-bfbd-9c9e791bf9fa,lazywolf618,1958,mG6XwIXS,2b14d26c7c4ee9e462d00f30cee7e955,32c4f8153cddf9793f02045b43b63780dbdcaabc,40ca72ae032474408b52239e1dceafeefc338461922df97073c9a0a05bc2abeb,1961-01-15T21:38:28.540Z,59,2011-08-23T23:54:23.678Z,9,(321)-364-5229,(858)-297-9590,SSN,839-13-0177,https://randomuser.me/api/portraits/women/33.jpg,https://randomuser.me/api/portraits/med/women/33.jpg,https://randomuser.me/api/portraits/thumb/women/33.jpg,US
male,Mr,Marshall,Vasquez,9600,Karen Dr,Sterling Heights,South Carolina,United States,27017,22.6334,55.1764,+5:45,Kathmandu,marshall.vasquez@example.com,9607a480-5af1-4beb-ae55-38ec58cb08f9,organicpanda817,yang,9I0WLAGE,ddbd9fe4a6e5e3b7b8dd36b7afdfc2ed,ef1c99e89b19b6582899ad403906ca36ce786ba0,c3ea7478f57b34df44841f7c4229d22db48f35225a11b23fbfed915ac1ee5c1e,1952-08-26T13:49:37.831Z,68,2007-04-08T04:01:06.963Z,13,(384)-002-6476,(405)-508-8847,SSN,099-66-1797,https://randomuser.me/api/portraits/men/27.jpg,https://randomuser.me/api/portraits/med/men/27.jpg,https://randomuser.me/api/portraits/thumb/men/27.jpg,US
female,Ms,Naomi,Warren,1670,Paddock Way,Duncanville,South Dakota,United States,60902,-35.4589,13.7255,+10:00,"Eastern Australia, Guam, Vladivostok",naomi.warren@example.com,55425a78-34fe-48d3-bcf8-f1d5e3502cc8,beautifultiger410,lesley,rkAkua7c,a9ea58875ad7f5a5a872faa18dced56c,7badf5ebeb14cce3b10867ee91eefdc3683ad566,ab3a358289f6d581926bc228ec53b522a8746ffc742cd89f3ab743db988628f4,1950-05-26T00:52:59.593Z,70,2002-07-01T22:44:46.561Z,18,(039)-642-6571,(575)-044-2949,SSN,707-90-7287,https://randomuser.me/api/portraits/women/27.jpg,https://randomuser.me/api/portraits/med/women/27.jpg,https://randomuser.me/api/portraits/thumb/women/27.jpg,US
male,Mr,Clarence,Simmmons,7193,N Stelling Rd,Kansas City,Michigan,United States,25660,-58.4486,61.9481,-3:00,"Brazil, Buenos Aires, Georgetown",clarence.simmmons@example.com,ecf6dc3f-8fc9-4687-b9bc-2445e7004a7b,organicostrich806,1master,6GZL5bMW,5a61d04c013d0c4ee07a1659047979a0,b81a860f53ca1f8f5b0ff9a4f2b0a87199d04baf,1b3a5c158bb98ac3782f5d7bf2692ae7a37830f9b3e3ec29f35492531d4228f8,1946-01-08T03:29:43.854Z,74,2014-11-23T22:42:57.838Z,6,(816)-141-3362,(790)-465-2656,SSN,329-17-3714,https://randomuser.me/api/portraits/men/55.jpg,https://randomuser.me/api/portraits/med/men/55.jpg,https://randomuser.me/api/portraits/thumb/men/55.jpg,US
female,Ms,Emma,Ross,285,Mcclellan Rd,Santa Ana,Missouri,United States,25643,22.9661,-24.7348,+9:00,"Tokyo, Seoul, Osaka, Sapporo, Yakutsk",emma.ross@example.com,0980edd7-c0ff-4ba2-8fb0-cbedf294d942,bigduck973,blessed,PE6qQ22X,3bb671197da4dce1df4b72bb0695df02,2b059a830f3b5cdaa08a4554296927cb1681f1f2,6bbcb45911f9f202098b1a179ee09a4b9f2de0f5d9636d5d4dcbe9f8dc24bc35,1980-09-25T02:59:00.890Z,40,2016-10-19T21:38:40.475Z,4,(670)-894-3067,(716)-394-6772,SSN,894-91-3845,https://randomuser.me/api/portraits/women/94.jpg,https://randomuser.me/api/portraits/med/women/94.jpg,https://randomuser.me/api/portraits/thumb/women/94.jpg,US
female,Mrs,Kathy,Henderson,8516,Sunset St,Mckinney,South Dakota,United States,59188,-13.4158,-120.6494,+4:00,"Abu Dhabi, Muscat, Baku, Tbilisi",kathy.henderson@example.com,50f081e5-1040-46ea-b4b8-c29c80774f6e,yellowleopard175,qwerasdf,rMS0xRP3,137f04acfb014c1ed8ccaa8867ae65a2,625ae4bcdd1a84f016cab800b433ad171fca4928,31d9a362c8e5913c828be6269f4829f2691173a7d60533eca164c1006105b14c,1978-07-25T23:30:52.425Z,42,2004-09-10T10:13:07.666Z,16,(359)-262-5134,(763)-095-8085,SSN,951-03-9277,https://randomuser.me/api/portraits/women/77.jpg,https://randomuser.me/api/portraits/med/women/77.jpg,https://randomuser.me/api/portraits/thumb/women/77.jpg,US
male,Mr,Louis,Allen,3720,Mcclellan Rd,Altoona,New Mexico,United States,74194,48.6617,-146.9601,-10:00,Hawaii,louis.allen@example.com,cf1c3cbd-62d5-4b87-a2e8-d9e09c09ac0b,silverrabbit281,flyer,9H6y69vV,e549e177189d4bf147eda745630de030,992b73d2addd26acab58ae31b46611d98a7aced8,272c3c40875fd8fb7d6649c0ca648c4b1c3f461aa65cb1b5b9e13f03d13e0f68,1945-08-17T04:28:41.990Z,75,2011-01-11T05:17:26.089Z,9,(275)-298-2818,(561)-991-2503,SSN,042-20-6395,https://randomuser.me/api/portraits/men/92.jpg,https://randomuser.me/api/portraits/med/men/92.jpg,https://randomuser.me/api/portraits/thumb/men/92.jpg,US
female,Mrs,Esther,Ross,5029,Miller Ave,College Station,California,United States,44642,10.4888,122.4739,+5:30,"Bombay, Calcutta, Madras, New Delhi",esther.ross@example.com,1b37255a-3bf0-47a9-b99b-54f1c5b17aa4,purpleduck726,dolphin1,CWx5L7Ht,d6be16324cef29bff121ab27e3ace3e8,17577d6e7fee7bd52e0994801d2520ebb85c29a0,60941473d004b9945d3cd680f0bc23520a5e9f3236ffc960829d42a6743ce035,1946-05-17T13:50:15.320Z,74,2009-07-28T22:32:23.098Z,11,(366)-576-4372,(015)-096-5524,SSN,380-19-4980,https://randomuser.me/api/portraits/women/15.jpg,https://randomuser.me/api/portraits/med/women/15.jpg,https://randomuser.me/api/portraits/thumb/women/15.jpg,US